{
	"id": "3b09824a-ea7a-4e1f-801c-0117e82a381e",
	"version": 0,
	"cacheVersn": 0,
	"modified": "0001-01-01T00:00:00Z",
	"packID": "",
	"itemVersion": "",
	"fromServerVersion": "",
	"toServerVersion": "",
	"definitionId": "",
	"vcShouldIgnore": false,
	"vcShouldKeepItemLegacyProdMachine": false,
	"commitMessage": "",
	"shouldCommit": false,
	"currentVersion": "",
	"name": "Cortex Generate Playbook Documentation",
	"description": "",
	"updated": "0001-01-01T00:00:00Z",
	"created": "2022-07-29T16:51:21.28899517+05:30",
	"support": "internalContribution",
	"author": "Maraj",
	"authorImage": "",
	"supportDetails": {
		"url": "",
		"email": ""
	},
	"beta": false,
	"deprecated": false,
	"certification": "none",
	"serverMinVersion": "",
	"serverMaxVersion": "",
	"general": null,
	"tags": null,
	"rawTags": null,
	"categories": null,
	"contentItems": {
		"integration": null,
		"automation": null,
		"incidentfield": null,
		"incidenttype": null,
		"indicatorfield": null,
		"reputation": null,
		"report": null,
		"dashboard": null,
		"playbook": null,
		"classifier": null,
		"layoutscontainer": null,
		"widget": null,
		"list": null,
		"generictype": null,
		"genericfield": null
	},
	"contentItemTypes": null,
	"integrations": null,
	"useCases": null,
	"rawUseCases": null,
	"keywords": null,
	"rawKeywords": null,
	"dependencies": {
		"DemistoRESTAPI": {
			"mandatory": false,
			"minVersion": "1.3.0",
			"name": "Demisto REST API",
			"certification": "certified",
			"author": "Cortex XSOAR"
		},
		"MailSenderNew": {
			"mandatory": true,
			"minVersion": "1.0.6",
			"name": "Mail Sender (New)",
			"certification": "certified",
			"author": "Cortex XSOAR"
		}
	},
	"legacy": false,
	"price": 0,
	"premium": false,
	"installMessage": "",
	"versionInfo": "",
	"eulaLink": "",
	"previewOnly": false,
	"downloads": 0,
	"searchRank": 0
}